{"cameraMode":{"drawMode":0,"name":"Shaded","section":"Shading Mode"},"sceneLighting":true,"audioPlay":false,"sceneViewState":{"showFog":true,"showMaterialUpdate":false,"showSkybox":true,"showFlares":true,"showImageEffects":true,"showParticleSystems":true},"in2DMode":false,"pivot":{"x":-60.79999923706055,"y":2.0999999046325685,"z":-12.0},"rotation":{"x":0.3140835464000702,"y":0.31618595123291018,"z":-0.11180916428565979,"w":0.8881884813308716},"size":230.71820068359376,"orthographic":false}