{"cameraMode":{"drawMode":0,"name":"Shaded","section":"Shading Mode"},"sceneLighting":true,"audioPlay":false,"sceneViewState":{"showFog":true,"showMaterialUpdate":true,"showSkybox":true,"showFlares":true,"showImageEffects":true,"showParticleSystems":true},"in2DMode":false,"pivot":{"x":-114.06803131103516,"y":3.8170318603515627,"z":10.151641845703125},"rotation":{"x":-0.04035012796521187,"y":0.9433904886245728,"z":-0.304598331451416,"w":-0.12496653944253922},"size":66.59712219238281,"orthographic":false}