{"cameraMode":{"drawMode":0,"name":"Shaded","section":"Shading Mode"},"sceneLighting":false,"audioPlay":false,"sceneViewState":{"showFog":true,"showMaterialUpdate":false,"showSkybox":false,"showFlares":true,"showImageEffects":true,"showParticleSystems":true},"in2DMode":false,"pivot":{"x":0.6209945678710938,"y":2.5799999237060549,"z":-12.01233196258545},"rotation":{"x":0.26116299629211428,"y":0.3620927333831787,"z":-0.10643648356199265,"w":0.888456404209137},"size":0.8660253882408142,"orthographic":false}