{"cameraMode":{"drawMode":0,"name":"Shaded","section":"Shading Mode"},"sceneLighting":false,"audioPlay":false,"sceneViewState":{"showFog":true,"showMaterialUpdate":false,"showSkybox":false,"showFlares":true,"showImageEffects":true,"showParticleSystems":true},"in2DMode":false,"pivot":{"x":0.07999999821186066,"y":4.420000076293945,"z":-21.079999923706056},"rotation":{"x":0.241246297955513,"y":0.3749469518661499,"z":-0.10171232372522354,"w":0.8893108367919922},"size":10.0,"orthographic":false}